{
  "project_info": {
    "project_number": "321411658784",
    "project_id": "flutter-application-dfc45",
    "storage_bucket": "flutter-application-dfc45.appspot.com"
  },
  "client": [
    {
      "client_info": {
        "mobilesdk_app_id": "1:321411658784:android:8109d951a7166bc0173845",
        "android_client_info": {
          "package_name": "com.example.flutter_application"
        }
      },
      "oauth_client": [
        {
          "client_id": "321411658784-m5nu0q7aast779noesop07rg6fthl36k.apps.googleusercontent.com",
          "client_type": 3
        }
      ],
      "api_key": [
        {
          "current_key": "AIzaSyARerSyDiYySodPuLMD6CpgOsilWd-verI"
        }
      ],
      "services": {
        "appinvite_service": {
          "other_platform_oauth_client": [
            {
              "client_id": "321411658784-m5nu0q7aast779noesop07rg6fthl36k.apps.googleusercontent.com",
              "client_type": 3
            }
          ]
        }
      }
    }
  ],
  "configuration_version": "1"
}